<?xml version="1.0" encoding="UTF-8" standalone="yes" ?>
<movies>
	<movie>
		<title>class 8</title>
		<genre>Drama</genre>
		<releaseDate>2003</releaseDate>
		<duration>150min</duration>
		<language>arabic - darija</language>
		<storie>‘Classroom 8’ is one of the films I like a lot when I
			watch back in 2005. The film is about naughty boys in school
			and whom of us that does not experience this phase, but the story here is different a little bit.
			.</storie>
		<rating>9.2</rating>
		<prizes>
				<prize date="2003">Moroccan awards</prize>
				<prize date="2004">Best film of the year</prize>
				<prize date="2016">tunisie Awards</prize>
				
		</prizes>
		<director>Jamal Belmejdoub</director>
		<producer>
			<producer>khalid kadir</producer>

		</producer>

		<writer> Jamal Belmejdoub</writer>

		<actors>
			<actor>rafik boubker</actor>
			<actor>fatima khair</actor>
			<actor>azziz hattab</actor>
			<actor>saad tsouli</actor>
		</actors>
	</movie>
</movies>